"Status","Start Time","Stop Time","Duration in ms","Parent Suite","Suite","Sub Suite","Test Class","Test Method","Name","Description"
"passed","Thu Aug 05 09:02:25 GMT 2021","Thu Aug 05 09:02:25 GMT 2021","25","","","","","","jobdescrition from env",""
"passed","Thu Aug 05 09:02:25 GMT 2021","Thu Aug 05 09:02:25 GMT 2021","32","","","","","","jobdescrition from env",""
"passed","Thu Aug 05 09:02:25 GMT 2021","Thu Aug 05 09:02:25 GMT 2021","227","","","","","","jobdescription from env",""
"passed","Thu Aug 05 09:02:24 GMT 2021","Thu Aug 05 09:02:25 GMT 2021","785","","","","","","jobdescrition from env",""
"passed","Thu Aug 05 09:02:25 GMT 2021","Thu Aug 05 09:02:25 GMT 2021","29","","","","","","jobdescrition from env",""
"passed","Thu Aug 05 09:02:25 GMT 2021","Thu Aug 05 09:02:25 GMT 2021","53","","","","","","employees from env",""
"passed","Thu Aug 05 09:02:25 GMT 2021","Thu Aug 05 09:02:25 GMT 2021","33","","","","","","employees from env",""
"passed","Thu Aug 05 09:02:25 GMT 2021","Thu Aug 05 09:02:25 GMT 2021","96","","","","","","employees from env",""
"passed","Thu Aug 05 09:02:25 GMT 2021","Thu Aug 05 09:02:25 GMT 2021","71","","","","","","employees from env",""
"passed","Thu Aug 05 09:02:25 GMT 2021","Thu Aug 05 09:02:25 GMT 2021","35","","","","","","jobdescription from env",""
"passed","Thu Aug 05 09:02:25 GMT 2021","Thu Aug 05 09:02:25 GMT 2021","75","","","","","","jobdescription from env title",""
"passed","Thu Aug 05 09:02:25 GMT 2021","Thu Aug 05 09:02:25 GMT 2021","31","","","","","","employees from env",""
"passed","Thu Aug 05 09:02:25 GMT 2021","Thu Aug 05 09:02:25 GMT 2021","51","","","","","","employees from env middleName",""
"passed","Thu Aug 05 09:02:25 GMT 2021","Thu Aug 05 09:02:25 GMT 2021","28","","","","","","employees from env",""
